{
  "audio_file": "/content/drive/MyDrive/IRMAS-TrainingData/tru/203__[tru][dru][pop_roc]1992__3.wav",
  "detected_instruments": {
    "acoustic_guitar": 0.07589291781187057,
    "cello": 0.0001524612889625132,
    "clarinet": 0.000306523812469095,
    "electric_guitar": 0.001591056352481246,
    "flute": 0.00010907617979682982,
    "organ": 0.25671541690826416,
    "piano": 0.597900390625,
    "saxophone": 0.0013881622580811381,
    "trumpet": 0.9966413974761963,
    "violin": 0.00011697733134496957,
    "voice": 3.956966247642413e-05
  },
  "timeline": [
    {
      "time": 0.0,
      "acoustic_guitar": 0.03509034961462021,
      "cello": 5.1165203331038356e-05,
      "clarinet": 0.000306523812469095,
      "electric_guitar": 0.0003197146288584918,
      "flute": 5.62545501452405e-05,
      "organ": 0.040533505380153656,
      "piano": 0.597900390625,
      "saxophone": 0.0002072663774015382,
      "trumpet": 0.010281729511916637,
      "violin": 0.00011697733134496957,
      "voice": 7.429147899529198e-06
    },
    {
      "time": 0.5,
      "acoustic_guitar": 0.07589291781187057,
      "cello": 0.0001524612889625132,
      "clarinet": 0.00022889371030032635,
      "electric_guitar": 0.001591056352481246,
      "flute": 0.00010907617979682982,
      "organ": 0.25671541690826416,
      "piano": 0.12176938354969025,
      "saxophone": 0.0005053585045970976,
      "trumpet": 0.030985673889517784,
      "violin": 6.149165710667148e-05,
      "voice": 3.956966247642413e-05
    },
    {
      "time": 1.0,
      "acoustic_guitar": 0.0053602163679897785,
      "cello": 6.644667882937938e-05,
      "clarinet": 8.507737220497802e-05,
      "electric_guitar": 0.0011576219694688916,
      "flute": 5.760872954851948e-05,
      "organ": 0.0012623444199562073,
      "piano": 0.02106635645031929,
      "saxophone": 0.0013881622580811381,
      "trumpet": 0.9490298628807068,
      "violin": 6.997538730502129e-05,
      "voice": 1.5117263501451816e-05
    },
    {
      "time": 1.5,
      "acoustic_guitar": 6.177094473969191e-05,
      "cello": 4.499045644479338e-06,
      "clarinet": 2.6216579499305226e-05,
      "electric_guitar": 3.533397102728486e-05,
      "flute": 1.830017390602734e-05,
      "organ": 5.329992563929409e-05,
      "piano": 0.0036549498327076435,
      "saxophone": 0.00020404568931553513,
      "trumpet": 0.9966413974761963,
      "violin": 3.2911946618696675e-05,
      "voice": 5.141054657542554e-07
    }
  ]
}